№	Задача	Предшественники	Длительность	ES	EF	LS	LF	Резерв	Критический путь		1	2	3	4	5	6	7	8	9	10	11	12	13	14	15	16	17	18	19	20	21	22	23	24	25	26	27	28	29	30	31	32	33	34	35	36	37	38	39	40	41	42	43	44	45	46	47	48	49	50	51	52	53	54	55	56
1	Устав и стартовое совещание	—	3	1	=E2+D2	=H2-D2	=MIN(G3,G5)	=G2-E2	=IF(I2=0,"ДА","НЕТ")		=IF(AND(L$1>=$E2,L$1<$F2),IF($J2="ДА","█","░"),"")	=IF(AND(M$1>=$E2,M$1<$F2),IF($J2="ДА","█","░"),"")	=IF(AND(N$1>=$E2,N$1<$F2),IF($J2="ДА","█","░"),"")	=IF(AND(O$1>=$E2,O$1<$F2),IF($J2="ДА","█","░"),"")	=IF(AND(P$1>=$E2,P$1<$F2),IF($J2="ДА","█","░"),"")	=IF(AND(Q$1>=$E2,Q$1<$F2),IF($J2="ДА","█","░"),"")	=IF(AND(R$1>=$E2,R$1<$F2),IF($J2="ДА","█","░"),"")	=IF(AND(S$1>=$E2,S$1<$F2),IF($J2="ДА","█","░"),"")	=IF(AND(T$1>=$E2,T$1<$F2),IF($J2="ДА","█","░"),"")	=IF(AND(U$1>=$E2,U$1<$F2),IF($J2="ДА","█","░"),"")	=IF(AND(V$1>=$E2,V$1<$F2),IF($J2="ДА","█","░"),"")	=IF(AND(W$1>=$E2,W$1<$F2),IF($J2="ДА","█","░"),"")	=IF(AND(X$1>=$E2,X$1<$F2),IF($J2="ДА","█","░"),"")	=IF(AND(Y$1>=$E2,Y$1<$F2),IF($J2="ДА","█","░"),"")	=IF(AND(Z$1>=$E2,Z$1<$F2),IF($J2="ДА","█","░"),"")	=IF(AND(AA$1>=$E2,AA$1<$F2),IF($J2="ДА","█","░"),"")	=IF(AND(AB$1>=$E2,AB$1<$F2),IF($J2="ДА","█","░"),"")	=IF(AND(AC$1>=$E2,AC$1<$F2),IF($J2="ДА","█","░"),"")	=IF(AND(AD$1>=$E2,AD$1<$F2),IF($J2="ДА","█","░"),"")	=IF(AND(AE$1>=$E2,AE$1<$F2),IF($J2="ДА","█","░"),"")	=IF(AND(AF$1>=$E2,AF$1<$F2),IF($J2="ДА","█","░"),"")	=IF(AND(AG$1>=$E2,AG$1<$F2),IF($J2="ДА","█","░"),"")	=IF(AND(AH$1>=$E2,AH$1<$F2),IF($J2="ДА","█","░"),"")	=IF(AND(AI$1>=$E2,AI$1<$F2),IF($J2="ДА","█","░"),"")	=IF(AND(AJ$1>=$E2,AJ$1<$F2),IF($J2="ДА","█","░"),"")	=IF(AND(AK$1>=$E2,AK$1<$F2),IF($J2="ДА","█","░"),"")	=IF(AND(AL$1>=$E2,AL$1<$F2),IF($J2="ДА","█","░"),"")	=IF(AND(AM$1>=$E2,AM$1<$F2),IF($J2="ДА","█","░"),"")	=IF(AND(AN$1>=$E2,AN$1<$F2),IF($J2="ДА","█","░"),"")	=IF(AND(AO$1>=$E2,AO$1<$F2),IF($J2="ДА","█","░"),"")	=IF(AND(AP$1>=$E2,AP$1<$F2),IF($J2="ДА","█","░"),"")	=IF(AND(AQ$1>=$E2,AQ$1<$F2),IF($J2="ДА","█","░"),"")	=IF(AND(AR$1>=$E2,AR$1<$F2),IF($J2="ДА","█","░"),"")	=IF(AND(AS$1>=$E2,AS$1<$F2),IF($J2="ДА","█","░"),"")	=IF(AND(AT$1>=$E2,AT$1<$F2),IF($J2="ДА","█","░"),"")	=IF(AND(AU$1>=$E2,AU$1<$F2),IF($J2="ДА","█","░"),"")	=IF(AND(AV$1>=$E2,AV$1<$F2),IF($J2="ДА","█","░"),"")	=IF(AND(AW$1>=$E2,AW$1<$F2),IF($J2="ДА","█","░"),"")	=IF(AND(AX$1>=$E2,AX$1<$F2),IF($J2="ДА","█","░"),"")	=IF(AND(AY$1>=$E2,AY$1<$F2),IF($J2="ДА","█","░"),"")	=IF(AND(AZ$1>=$E2,AZ$1<$F2),IF($J2="ДА","█","░"),"")	=IF(AND(BA$1>=$E2,BA$1<$F2),IF($J2="ДА","█","░"),"")	=IF(AND(BB$1>=$E2,BB$1<$F2),IF($J2="ДА","█","░"),"")	=IF(AND(BC$1>=$E2,BC$1<$F2),IF($J2="ДА","█","░"),"")	=IF(AND(BD$1>=$E2,BD$1<$F2),IF($J2="ДА","█","░"),"")	=IF(AND(BE$1>=$E2,BE$1<$F2),IF($J2="ДА","█","░"),"")	=IF(AND(BF$1>=$E2,BF$1<$F2),IF($J2="ДА","█","░"),"")	=IF(AND(BG$1>=$E2,BG$1<$F2),IF($J2="ДА","█","░"),"")	=IF(AND(BH$1>=$E2,BH$1<$F2),IF($J2="ДА","█","░"),"")	=IF(AND(BI$1>=$E2,BI$1<$F2),IF($J2="ДА","█","░"),"")	=IF(AND(BJ$1>=$E2,BJ$1<$F2),IF($J2="ДА","█","░"),"")	=IF(AND(BK$1>=$E2,BK$1<$F2),IF($J2="ДА","█","░"),"")	=IF(AND(BL$1>=$E2,BL$1<$F2),IF($J2="ДА","█","░"),"")	=IF(AND(BM$1>=$E2,BM$1<$F2),IF($J2="ДА","█","░"),"")	=IF(AND(BN$1>=$E2,BN$1<$F2),IF($J2="ДА","█","░"),"")	=IF(AND(BO$1>=$E2,BO$1<$F2),IF($J2="ДА","█","░"),"")
2	Анализ регламентов ИБ	1	5	=F2	=E3+D3	=H3-D3	=G4	=G3-E3	=IF(I3=0,"ДА","НЕТ")		=IF(AND(L$1>=$E3,L$1<$F3),IF($J3="ДА","█","░"),"")	=IF(AND(M$1>=$E3,M$1<$F3),IF($J3="ДА","█","░"),"")	=IF(AND(N$1>=$E3,N$1<$F3),IF($J3="ДА","█","░"),"")	=IF(AND(O$1>=$E3,O$1<$F3),IF($J3="ДА","█","░"),"")	=IF(AND(P$1>=$E3,P$1<$F3),IF($J3="ДА","█","░"),"")	=IF(AND(Q$1>=$E3,Q$1<$F3),IF($J3="ДА","█","░"),"")	=IF(AND(R$1>=$E3,R$1<$F3),IF($J3="ДА","█","░"),"")	=IF(AND(S$1>=$E3,S$1<$F3),IF($J3="ДА","█","░"),"")	=IF(AND(T$1>=$E3,T$1<$F3),IF($J3="ДА","█","░"),"")	=IF(AND(U$1>=$E3,U$1<$F3),IF($J3="ДА","█","░"),"")	=IF(AND(V$1>=$E3,V$1<$F3),IF($J3="ДА","█","░"),"")	=IF(AND(W$1>=$E3,W$1<$F3),IF($J3="ДА","█","░"),"")	=IF(AND(X$1>=$E3,X$1<$F3),IF($J3="ДА","█","░"),"")	=IF(AND(Y$1>=$E3,Y$1<$F3),IF($J3="ДА","█","░"),"")	=IF(AND(Z$1>=$E3,Z$1<$F3),IF($J3="ДА","█","░"),"")	=IF(AND(AA$1>=$E3,AA$1<$F3),IF($J3="ДА","█","░"),"")	=IF(AND(AB$1>=$E3,AB$1<$F3),IF($J3="ДА","█","░"),"")	=IF(AND(AC$1>=$E3,AC$1<$F3),IF($J3="ДА","█","░"),"")	=IF(AND(AD$1>=$E3,AD$1<$F3),IF($J3="ДА","█","░"),"")	=IF(AND(AE$1>=$E3,AE$1<$F3),IF($J3="ДА","█","░"),"")	=IF(AND(AF$1>=$E3,AF$1<$F3),IF($J3="ДА","█","░"),"")	=IF(AND(AG$1>=$E3,AG$1<$F3),IF($J3="ДА","█","░"),"")	=IF(AND(AH$1>=$E3,AH$1<$F3),IF($J3="ДА","█","░"),"")	=IF(AND(AI$1>=$E3,AI$1<$F3),IF($J3="ДА","█","░"),"")	=IF(AND(AJ$1>=$E3,AJ$1<$F3),IF($J3="ДА","█","░"),"")	=IF(AND(AK$1>=$E3,AK$1<$F3),IF($J3="ДА","█","░"),"")	=IF(AND(AL$1>=$E3,AL$1<$F3),IF($J3="ДА","█","░"),"")	=IF(AND(AM$1>=$E3,AM$1<$F3),IF($J3="ДА","█","░"),"")	=IF(AND(AN$1>=$E3,AN$1<$F3),IF($J3="ДА","█","░"),"")	=IF(AND(AO$1>=$E3,AO$1<$F3),IF($J3="ДА","█","░"),"")	=IF(AND(AP$1>=$E3,AP$1<$F3),IF($J3="ДА","█","░"),"")	=IF(AND(AQ$1>=$E3,AQ$1<$F3),IF($J3="ДА","█","░"),"")	=IF(AND(AR$1>=$E3,AR$1<$F3),IF($J3="ДА","█","░"),"")	=IF(AND(AS$1>=$E3,AS$1<$F3),IF($J3="ДА","█","░"),"")	=IF(AND(AT$1>=$E3,AT$1<$F3),IF($J3="ДА","█","░"),"")	=IF(AND(AU$1>=$E3,AU$1<$F3),IF($J3="ДА","█","░"),"")	=IF(AND(AV$1>=$E3,AV$1<$F3),IF($J3="ДА","█","░"),"")	=IF(AND(AW$1>=$E3,AW$1<$F3),IF($J3="ДА","█","░"),"")	=IF(AND(AX$1>=$E3,AX$1<$F3),IF($J3="ДА","█","░"),"")	=IF(AND(AY$1>=$E3,AY$1<$F3),IF($J3="ДА","█","░"),"")	=IF(AND(AZ$1>=$E3,AZ$1<$F3),IF($J3="ДА","█","░"),"")	=IF(AND(BA$1>=$E3,BA$1<$F3),IF($J3="ДА","█","░"),"")	=IF(AND(BB$1>=$E3,BB$1<$F3),IF($J3="ДА","█","░"),"")	=IF(AND(BC$1>=$E3,BC$1<$F3),IF($J3="ДА","█","░"),"")	=IF(AND(BD$1>=$E3,BD$1<$F3),IF($J3="ДА","█","░"),"")	=IF(AND(BE$1>=$E3,BE$1<$F3),IF($J3="ДА","█","░"),"")	=IF(AND(BF$1>=$E3,BF$1<$F3),IF($J3="ДА","█","░"),"")	=IF(AND(BG$1>=$E3,BG$1<$F3),IF($J3="ДА","█","░"),"")	=IF(AND(BH$1>=$E3,BH$1<$F3),IF($J3="ДА","█","░"),"")	=IF(AND(BI$1>=$E3,BI$1<$F3),IF($J3="ДА","█","░"),"")	=IF(AND(BJ$1>=$E3,BJ$1<$F3),IF($J3="ДА","█","░"),"")	=IF(AND(BK$1>=$E3,BK$1<$F3),IF($J3="ДА","█","░"),"")	=IF(AND(BL$1>=$E3,BL$1<$F3),IF($J3="ДА","█","░"),"")	=IF(AND(BM$1>=$E3,BM$1<$F3),IF($J3="ДА","█","░"),"")	=IF(AND(BN$1>=$E3,BN$1<$F3),IF($J3="ДА","█","░"),"")	=IF(AND(BO$1>=$E3,BO$1<$F3),IF($J3="ДА","█","░"),"")
3	Фишинг-замер + отчет	2	4	=F3	=E4+D4	=H4-D4	=G7	=G4-E4	=IF(I4=0,"ДА","НЕТ")		=IF(AND(L$1>=$E4,L$1<$F4),IF($J4="ДА","█","░"),"")	=IF(AND(M$1>=$E4,M$1<$F4),IF($J4="ДА","█","░"),"")	=IF(AND(N$1>=$E4,N$1<$F4),IF($J4="ДА","█","░"),"")	=IF(AND(O$1>=$E4,O$1<$F4),IF($J4="ДА","█","░"),"")	=IF(AND(P$1>=$E4,P$1<$F4),IF($J4="ДА","█","░"),"")	=IF(AND(Q$1>=$E4,Q$1<$F4),IF($J4="ДА","█","░"),"")	=IF(AND(R$1>=$E4,R$1<$F4),IF($J4="ДА","█","░"),"")	=IF(AND(S$1>=$E4,S$1<$F4),IF($J4="ДА","█","░"),"")	=IF(AND(T$1>=$E4,T$1<$F4),IF($J4="ДА","█","░"),"")	=IF(AND(U$1>=$E4,U$1<$F4),IF($J4="ДА","█","░"),"")	=IF(AND(V$1>=$E4,V$1<$F4),IF($J4="ДА","█","░"),"")	=IF(AND(W$1>=$E4,W$1<$F4),IF($J4="ДА","█","░"),"")	=IF(AND(X$1>=$E4,X$1<$F4),IF($J4="ДА","█","░"),"")	=IF(AND(Y$1>=$E4,Y$1<$F4),IF($J4="ДА","█","░"),"")	=IF(AND(Z$1>=$E4,Z$1<$F4),IF($J4="ДА","█","░"),"")	=IF(AND(AA$1>=$E4,AA$1<$F4),IF($J4="ДА","█","░"),"")	=IF(AND(AB$1>=$E4,AB$1<$F4),IF($J4="ДА","█","░"),"")	=IF(AND(AC$1>=$E4,AC$1<$F4),IF($J4="ДА","█","░"),"")	=IF(AND(AD$1>=$E4,AD$1<$F4),IF($J4="ДА","█","░"),"")	=IF(AND(AE$1>=$E4,AE$1<$F4),IF($J4="ДА","█","░"),"")	=IF(AND(AF$1>=$E4,AF$1<$F4),IF($J4="ДА","█","░"),"")	=IF(AND(AG$1>=$E4,AG$1<$F4),IF($J4="ДА","█","░"),"")	=IF(AND(AH$1>=$E4,AH$1<$F4),IF($J4="ДА","█","░"),"")	=IF(AND(AI$1>=$E4,AI$1<$F4),IF($J4="ДА","█","░"),"")	=IF(AND(AJ$1>=$E4,AJ$1<$F4),IF($J4="ДА","█","░"),"")	=IF(AND(AK$1>=$E4,AK$1<$F4),IF($J4="ДА","█","░"),"")	=IF(AND(AL$1>=$E4,AL$1<$F4),IF($J4="ДА","█","░"),"")	=IF(AND(AM$1>=$E4,AM$1<$F4),IF($J4="ДА","█","░"),"")	=IF(AND(AN$1>=$E4,AN$1<$F4),IF($J4="ДА","█","░"),"")	=IF(AND(AO$1>=$E4,AO$1<$F4),IF($J4="ДА","█","░"),"")	=IF(AND(AP$1>=$E4,AP$1<$F4),IF($J4="ДА","█","░"),"")	=IF(AND(AQ$1>=$E4,AQ$1<$F4),IF($J4="ДА","█","░"),"")	=IF(AND(AR$1>=$E4,AR$1<$F4),IF($J4="ДА","█","░"),"")	=IF(AND(AS$1>=$E4,AS$1<$F4),IF($J4="ДА","█","░"),"")	=IF(AND(AT$1>=$E4,AT$1<$F4),IF($J4="ДА","█","░"),"")	=IF(AND(AU$1>=$E4,AU$1<$F4),IF($J4="ДА","█","░"),"")	=IF(AND(AV$1>=$E4,AV$1<$F4),IF($J4="ДА","█","░"),"")	=IF(AND(AW$1>=$E4,AW$1<$F4),IF($J4="ДА","█","░"),"")	=IF(AND(AX$1>=$E4,AX$1<$F4),IF($J4="ДА","█","░"),"")	=IF(AND(AY$1>=$E4,AY$1<$F4),IF($J4="ДА","█","░"),"")	=IF(AND(AZ$1>=$E4,AZ$1<$F4),IF($J4="ДА","█","░"),"")	=IF(AND(BA$1>=$E4,BA$1<$F4),IF($J4="ДА","█","░"),"")	=IF(AND(BB$1>=$E4,BB$1<$F4),IF($J4="ДА","█","░"),"")	=IF(AND(BC$1>=$E4,BC$1<$F4),IF($J4="ДА","█","░"),"")	=IF(AND(BD$1>=$E4,BD$1<$F4),IF($J4="ДА","█","░"),"")	=IF(AND(BE$1>=$E4,BE$1<$F4),IF($J4="ДА","█","░"),"")	=IF(AND(BF$1>=$E4,BF$1<$F4),IF($J4="ДА","█","░"),"")	=IF(AND(BG$1>=$E4,BG$1<$F4),IF($J4="ДА","█","░"),"")	=IF(AND(BH$1>=$E4,BH$1<$F4),IF($J4="ДА","█","░"),"")	=IF(AND(BI$1>=$E4,BI$1<$F4),IF($J4="ДА","█","░"),"")	=IF(AND(BJ$1>=$E4,BJ$1<$F4),IF($J4="ДА","█","░"),"")	=IF(AND(BK$1>=$E4,BK$1<$F4),IF($J4="ДА","█","░"),"")	=IF(AND(BL$1>=$E4,BL$1<$F4),IF($J4="ДА","█","░"),"")	=IF(AND(BM$1>=$E4,BM$1<$F4),IF($J4="ДА","█","░"),"")	=IF(AND(BN$1>=$E4,BN$1<$F4),IF($J4="ДА","█","░"),"")	=IF(AND(BO$1>=$E4,BO$1<$F4),IF($J4="ДА","█","░"),"")
4	Выбор вендора + договор	1	6	=F2	=E5+D5	=H5-D5	=MIN(G6,G7)	=G5-E5	=IF(I5=0,"ДА","НЕТ")		=IF(AND(L$1>=$E5,L$1<$F5),IF($J5="ДА","█","░"),"")	=IF(AND(M$1>=$E5,M$1<$F5),IF($J5="ДА","█","░"),"")	=IF(AND(N$1>=$E5,N$1<$F5),IF($J5="ДА","█","░"),"")	=IF(AND(O$1>=$E5,O$1<$F5),IF($J5="ДА","█","░"),"")	=IF(AND(P$1>=$E5,P$1<$F5),IF($J5="ДА","█","░"),"")	=IF(AND(Q$1>=$E5,Q$1<$F5),IF($J5="ДА","█","░"),"")	=IF(AND(R$1>=$E5,R$1<$F5),IF($J5="ДА","█","░"),"")	=IF(AND(S$1>=$E5,S$1<$F5),IF($J5="ДА","█","░"),"")	=IF(AND(T$1>=$E5,T$1<$F5),IF($J5="ДА","█","░"),"")	=IF(AND(U$1>=$E5,U$1<$F5),IF($J5="ДА","█","░"),"")	=IF(AND(V$1>=$E5,V$1<$F5),IF($J5="ДА","█","░"),"")	=IF(AND(W$1>=$E5,W$1<$F5),IF($J5="ДА","█","░"),"")	=IF(AND(X$1>=$E5,X$1<$F5),IF($J5="ДА","█","░"),"")	=IF(AND(Y$1>=$E5,Y$1<$F5),IF($J5="ДА","█","░"),"")	=IF(AND(Z$1>=$E5,Z$1<$F5),IF($J5="ДА","█","░"),"")	=IF(AND(AA$1>=$E5,AA$1<$F5),IF($J5="ДА","█","░"),"")	=IF(AND(AB$1>=$E5,AB$1<$F5),IF($J5="ДА","█","░"),"")	=IF(AND(AC$1>=$E5,AC$1<$F5),IF($J5="ДА","█","░"),"")	=IF(AND(AD$1>=$E5,AD$1<$F5),IF($J5="ДА","█","░"),"")	=IF(AND(AE$1>=$E5,AE$1<$F5),IF($J5="ДА","█","░"),"")	=IF(AND(AF$1>=$E5,AF$1<$F5),IF($J5="ДА","█","░"),"")	=IF(AND(AG$1>=$E5,AG$1<$F5),IF($J5="ДА","█","░"),"")	=IF(AND(AH$1>=$E5,AH$1<$F5),IF($J5="ДА","█","░"),"")	=IF(AND(AI$1>=$E5,AI$1<$F5),IF($J5="ДА","█","░"),"")	=IF(AND(AJ$1>=$E5,AJ$1<$F5),IF($J5="ДА","█","░"),"")	=IF(AND(AK$1>=$E5,AK$1<$F5),IF($J5="ДА","█","░"),"")	=IF(AND(AL$1>=$E5,AL$1<$F5),IF($J5="ДА","█","░"),"")	=IF(AND(AM$1>=$E5,AM$1<$F5),IF($J5="ДА","█","░"),"")	=IF(AND(AN$1>=$E5,AN$1<$F5),IF($J5="ДА","█","░"),"")	=IF(AND(AO$1>=$E5,AO$1<$F5),IF($J5="ДА","█","░"),"")	=IF(AND(AP$1>=$E5,AP$1<$F5),IF($J5="ДА","█","░"),"")	=IF(AND(AQ$1>=$E5,AQ$1<$F5),IF($J5="ДА","█","░"),"")	=IF(AND(AR$1>=$E5,AR$1<$F5),IF($J5="ДА","█","░"),"")	=IF(AND(AS$1>=$E5,AS$1<$F5),IF($J5="ДА","█","░"),"")	=IF(AND(AT$1>=$E5,AT$1<$F5),IF($J5="ДА","█","░"),"")	=IF(AND(AU$1>=$E5,AU$1<$F5),IF($J5="ДА","█","░"),"")	=IF(AND(AV$1>=$E5,AV$1<$F5),IF($J5="ДА","█","░"),"")	=IF(AND(AW$1>=$E5,AW$1<$F5),IF($J5="ДА","█","░"),"")	=IF(AND(AX$1>=$E5,AX$1<$F5),IF($J5="ДА","█","░"),"")	=IF(AND(AY$1>=$E5,AY$1<$F5),IF($J5="ДА","█","░"),"")	=IF(AND(AZ$1>=$E5,AZ$1<$F5),IF($J5="ДА","█","░"),"")	=IF(AND(BA$1>=$E5,BA$1<$F5),IF($J5="ДА","█","░"),"")	=IF(AND(BB$1>=$E5,BB$1<$F5),IF($J5="ДА","█","░"),"")	=IF(AND(BC$1>=$E5,BC$1<$F5),IF($J5="ДА","█","░"),"")	=IF(AND(BD$1>=$E5,BD$1<$F5),IF($J5="ДА","█","░"),"")	=IF(AND(BE$1>=$E5,BE$1<$F5),IF($J5="ДА","█","░"),"")	=IF(AND(BF$1>=$E5,BF$1<$F5),IF($J5="ДА","█","░"),"")	=IF(AND(BG$1>=$E5,BG$1<$F5),IF($J5="ДА","█","░"),"")	=IF(AND(BH$1>=$E5,BH$1<$F5),IF($J5="ДА","█","░"),"")	=IF(AND(BI$1>=$E5,BI$1<$F5),IF($J5="ДА","█","░"),"")	=IF(AND(BJ$1>=$E5,BJ$1<$F5),IF($J5="ДА","█","░"),"")	=IF(AND(BK$1>=$E5,BK$1<$F5),IF($J5="ДА","█","░"),"")	=IF(AND(BL$1>=$E5,BL$1<$F5),IF($J5="ДА","█","░"),"")	=IF(AND(BM$1>=$E5,BM$1<$F5),IF($J5="ДА","█","░"),"")	=IF(AND(BN$1>=$E5,BN$1<$F5),IF($J5="ДА","█","░"),"")	=IF(AND(BO$1>=$E5,BO$1<$F5),IF($J5="ДА","█","░"),"")
5	Учетные записи (200 чел.)	4	3	=F5	=E6+D6	=H6-D6	=MAX($F$2:$F$13)	=G6-E6	=IF(I6=0,"ДА","НЕТ")		=IF(AND(L$1>=$E6,L$1<$F6),IF($J6="ДА","█","░"),"")	=IF(AND(M$1>=$E6,M$1<$F6),IF($J6="ДА","█","░"),"")	=IF(AND(N$1>=$E6,N$1<$F6),IF($J6="ДА","█","░"),"")	=IF(AND(O$1>=$E6,O$1<$F6),IF($J6="ДА","█","░"),"")	=IF(AND(P$1>=$E6,P$1<$F6),IF($J6="ДА","█","░"),"")	=IF(AND(Q$1>=$E6,Q$1<$F6),IF($J6="ДА","█","░"),"")	=IF(AND(R$1>=$E6,R$1<$F6),IF($J6="ДА","█","░"),"")	=IF(AND(S$1>=$E6,S$1<$F6),IF($J6="ДА","█","░"),"")	=IF(AND(T$1>=$E6,T$1<$F6),IF($J6="ДА","█","░"),"")	=IF(AND(U$1>=$E6,U$1<$F6),IF($J6="ДА","█","░"),"")	=IF(AND(V$1>=$E6,V$1<$F6),IF($J6="ДА","█","░"),"")	=IF(AND(W$1>=$E6,W$1<$F6),IF($J6="ДА","█","░"),"")	=IF(AND(X$1>=$E6,X$1<$F6),IF($J6="ДА","█","░"),"")	=IF(AND(Y$1>=$E6,Y$1<$F6),IF($J6="ДА","█","░"),"")	=IF(AND(Z$1>=$E6,Z$1<$F6),IF($J6="ДА","█","░"),"")	=IF(AND(AA$1>=$E6,AA$1<$F6),IF($J6="ДА","█","░"),"")	=IF(AND(AB$1>=$E6,AB$1<$F6),IF($J6="ДА","█","░"),"")	=IF(AND(AC$1>=$E6,AC$1<$F6),IF($J6="ДА","█","░"),"")	=IF(AND(AD$1>=$E6,AD$1<$F6),IF($J6="ДА","█","░"),"")	=IF(AND(AE$1>=$E6,AE$1<$F6),IF($J6="ДА","█","░"),"")	=IF(AND(AF$1>=$E6,AF$1<$F6),IF($J6="ДА","█","░"),"")	=IF(AND(AG$1>=$E6,AG$1<$F6),IF($J6="ДА","█","░"),"")	=IF(AND(AH$1>=$E6,AH$1<$F6),IF($J6="ДА","█","░"),"")	=IF(AND(AI$1>=$E6,AI$1<$F6),IF($J6="ДА","█","░"),"")	=IF(AND(AJ$1>=$E6,AJ$1<$F6),IF($J6="ДА","█","░"),"")	=IF(AND(AK$1>=$E6,AK$1<$F6),IF($J6="ДА","█","░"),"")	=IF(AND(AL$1>=$E6,AL$1<$F6),IF($J6="ДА","█","░"),"")	=IF(AND(AM$1>=$E6,AM$1<$F6),IF($J6="ДА","█","░"),"")	=IF(AND(AN$1>=$E6,AN$1<$F6),IF($J6="ДА","█","░"),"")	=IF(AND(AO$1>=$E6,AO$1<$F6),IF($J6="ДА","█","░"),"")	=IF(AND(AP$1>=$E6,AP$1<$F6),IF($J6="ДА","█","░"),"")	=IF(AND(AQ$1>=$E6,AQ$1<$F6),IF($J6="ДА","█","░"),"")	=IF(AND(AR$1>=$E6,AR$1<$F6),IF($J6="ДА","█","░"),"")	=IF(AND(AS$1>=$E6,AS$1<$F6),IF($J6="ДА","█","░"),"")	=IF(AND(AT$1>=$E6,AT$1<$F6),IF($J6="ДА","█","░"),"")	=IF(AND(AU$1>=$E6,AU$1<$F6),IF($J6="ДА","█","░"),"")	=IF(AND(AV$1>=$E6,AV$1<$F6),IF($J6="ДА","█","░"),"")	=IF(AND(AW$1>=$E6,AW$1<$F6),IF($J6="ДА","█","░"),"")	=IF(AND(AX$1>=$E6,AX$1<$F6),IF($J6="ДА","█","░"),"")	=IF(AND(AY$1>=$E6,AY$1<$F6),IF($J6="ДА","█","░"),"")	=IF(AND(AZ$1>=$E6,AZ$1<$F6),IF($J6="ДА","█","░"),"")	=IF(AND(BA$1>=$E6,BA$1<$F6),IF($J6="ДА","█","░"),"")	=IF(AND(BB$1>=$E6,BB$1<$F6),IF($J6="ДА","█","░"),"")	=IF(AND(BC$1>=$E6,BC$1<$F6),IF($J6="ДА","█","░"),"")	=IF(AND(BD$1>=$E6,BD$1<$F6),IF($J6="ДА","█","░"),"")	=IF(AND(BE$1>=$E6,BE$1<$F6),IF($J6="ДА","█","░"),"")	=IF(AND(BF$1>=$E6,BF$1<$F6),IF($J6="ДА","█","░"),"")	=IF(AND(BG$1>=$E6,BG$1<$F6),IF($J6="ДА","█","░"),"")	=IF(AND(BH$1>=$E6,BH$1<$F6),IF($J6="ДА","█","░"),"")	=IF(AND(BI$1>=$E6,BI$1<$F6),IF($J6="ДА","█","░"),"")	=IF(AND(BJ$1>=$E6,BJ$1<$F6),IF($J6="ДА","█","░"),"")	=IF(AND(BK$1>=$E6,BK$1<$F6),IF($J6="ДА","█","░"),"")	=IF(AND(BL$1>=$E6,BL$1<$F6),IF($J6="ДА","█","░"),"")	=IF(AND(BM$1>=$E6,BM$1<$F6),IF($J6="ДА","█","░"),"")	=IF(AND(BN$1>=$E6,BN$1<$F6),IF($J6="ДА","█","░"),"")	=IF(AND(BO$1>=$E6,BO$1<$F6),IF($J6="ДА","█","░"),"")
6	Настройка white-list	3, 4	3	=MAX(F4,F5)	=E7+D7	=H7-D7	=MIN(G8,G9)	=G7-E7	=IF(I7=0,"ДА","НЕТ")		=IF(AND(L$1>=$E7,L$1<$F7),IF($J7="ДА","█","░"),"")	=IF(AND(M$1>=$E7,M$1<$F7),IF($J7="ДА","█","░"),"")	=IF(AND(N$1>=$E7,N$1<$F7),IF($J7="ДА","█","░"),"")	=IF(AND(O$1>=$E7,O$1<$F7),IF($J7="ДА","█","░"),"")	=IF(AND(P$1>=$E7,P$1<$F7),IF($J7="ДА","█","░"),"")	=IF(AND(Q$1>=$E7,Q$1<$F7),IF($J7="ДА","█","░"),"")	=IF(AND(R$1>=$E7,R$1<$F7),IF($J7="ДА","█","░"),"")	=IF(AND(S$1>=$E7,S$1<$F7),IF($J7="ДА","█","░"),"")	=IF(AND(T$1>=$E7,T$1<$F7),IF($J7="ДА","█","░"),"")	=IF(AND(U$1>=$E7,U$1<$F7),IF($J7="ДА","█","░"),"")	=IF(AND(V$1>=$E7,V$1<$F7),IF($J7="ДА","█","░"),"")	=IF(AND(W$1>=$E7,W$1<$F7),IF($J7="ДА","█","░"),"")	=IF(AND(X$1>=$E7,X$1<$F7),IF($J7="ДА","█","░"),"")	=IF(AND(Y$1>=$E7,Y$1<$F7),IF($J7="ДА","█","░"),"")	=IF(AND(Z$1>=$E7,Z$1<$F7),IF($J7="ДА","█","░"),"")	=IF(AND(AA$1>=$E7,AA$1<$F7),IF($J7="ДА","█","░"),"")	=IF(AND(AB$1>=$E7,AB$1<$F7),IF($J7="ДА","█","░"),"")	=IF(AND(AC$1>=$E7,AC$1<$F7),IF($J7="ДА","█","░"),"")	=IF(AND(AD$1>=$E7,AD$1<$F7),IF($J7="ДА","█","░"),"")	=IF(AND(AE$1>=$E7,AE$1<$F7),IF($J7="ДА","█","░"),"")	=IF(AND(AF$1>=$E7,AF$1<$F7),IF($J7="ДА","█","░"),"")	=IF(AND(AG$1>=$E7,AG$1<$F7),IF($J7="ДА","█","░"),"")	=IF(AND(AH$1>=$E7,AH$1<$F7),IF($J7="ДА","█","░"),"")	=IF(AND(AI$1>=$E7,AI$1<$F7),IF($J7="ДА","█","░"),"")	=IF(AND(AJ$1>=$E7,AJ$1<$F7),IF($J7="ДА","█","░"),"")	=IF(AND(AK$1>=$E7,AK$1<$F7),IF($J7="ДА","█","░"),"")	=IF(AND(AL$1>=$E7,AL$1<$F7),IF($J7="ДА","█","░"),"")	=IF(AND(AM$1>=$E7,AM$1<$F7),IF($J7="ДА","█","░"),"")	=IF(AND(AN$1>=$E7,AN$1<$F7),IF($J7="ДА","█","░"),"")	=IF(AND(AO$1>=$E7,AO$1<$F7),IF($J7="ДА","█","░"),"")	=IF(AND(AP$1>=$E7,AP$1<$F7),IF($J7="ДА","█","░"),"")	=IF(AND(AQ$1>=$E7,AQ$1<$F7),IF($J7="ДА","█","░"),"")	=IF(AND(AR$1>=$E7,AR$1<$F7),IF($J7="ДА","█","░"),"")	=IF(AND(AS$1>=$E7,AS$1<$F7),IF($J7="ДА","█","░"),"")	=IF(AND(AT$1>=$E7,AT$1<$F7),IF($J7="ДА","█","░"),"")	=IF(AND(AU$1>=$E7,AU$1<$F7),IF($J7="ДА","█","░"),"")	=IF(AND(AV$1>=$E7,AV$1<$F7),IF($J7="ДА","█","░"),"")	=IF(AND(AW$1>=$E7,AW$1<$F7),IF($J7="ДА","█","░"),"")	=IF(AND(AX$1>=$E7,AX$1<$F7),IF($J7="ДА","█","░"),"")	=IF(AND(AY$1>=$E7,AY$1<$F7),IF($J7="ДА","█","░"),"")	=IF(AND(AZ$1>=$E7,AZ$1<$F7),IF($J7="ДА","█","░"),"")	=IF(AND(BA$1>=$E7,BA$1<$F7),IF($J7="ДА","█","░"),"")	=IF(AND(BB$1>=$E7,BB$1<$F7),IF($J7="ДА","█","░"),"")	=IF(AND(BC$1>=$E7,BC$1<$F7),IF($J7="ДА","█","░"),"")	=IF(AND(BD$1>=$E7,BD$1<$F7),IF($J7="ДА","█","░"),"")	=IF(AND(BE$1>=$E7,BE$1<$F7),IF($J7="ДА","█","░"),"")	=IF(AND(BF$1>=$E7,BF$1<$F7),IF($J7="ДА","█","░"),"")	=IF(AND(BG$1>=$E7,BG$1<$F7),IF($J7="ДА","█","░"),"")	=IF(AND(BH$1>=$E7,BH$1<$F7),IF($J7="ДА","█","░"),"")	=IF(AND(BI$1>=$E7,BI$1<$F7),IF($J7="ДА","█","░"),"")	=IF(AND(BJ$1>=$E7,BJ$1<$F7),IF($J7="ДА","█","░"),"")	=IF(AND(BK$1>=$E7,BK$1<$F7),IF($J7="ДА","█","░"),"")	=IF(AND(BL$1>=$E7,BL$1<$F7),IF($J7="ДА","█","░"),"")	=IF(AND(BM$1>=$E7,BM$1<$F7),IF($J7="ДА","█","░"),"")	=IF(AND(BN$1>=$E7,BN$1<$F7),IF($J7="ДА","█","░"),"")	=IF(AND(BO$1>=$E7,BO$1<$F7),IF($J7="ДА","█","░"),"")
7	Курс по ПДн (№ 99-З)	6	8	=F7	=E8+D8	=H8-D8	=G10	=G8-E8	=IF(I8=0,"ДА","НЕТ")		=IF(AND(L$1>=$E8,L$1<$F8),IF($J8="ДА","█","░"),"")	=IF(AND(M$1>=$E8,M$1<$F8),IF($J8="ДА","█","░"),"")	=IF(AND(N$1>=$E8,N$1<$F8),IF($J8="ДА","█","░"),"")	=IF(AND(O$1>=$E8,O$1<$F8),IF($J8="ДА","█","░"),"")	=IF(AND(P$1>=$E8,P$1<$F8),IF($J8="ДА","█","░"),"")	=IF(AND(Q$1>=$E8,Q$1<$F8),IF($J8="ДА","█","░"),"")	=IF(AND(R$1>=$E8,R$1<$F8),IF($J8="ДА","█","░"),"")	=IF(AND(S$1>=$E8,S$1<$F8),IF($J8="ДА","█","░"),"")	=IF(AND(T$1>=$E8,T$1<$F8),IF($J8="ДА","█","░"),"")	=IF(AND(U$1>=$E8,U$1<$F8),IF($J8="ДА","█","░"),"")	=IF(AND(V$1>=$E8,V$1<$F8),IF($J8="ДА","█","░"),"")	=IF(AND(W$1>=$E8,W$1<$F8),IF($J8="ДА","█","░"),"")	=IF(AND(X$1>=$E8,X$1<$F8),IF($J8="ДА","█","░"),"")	=IF(AND(Y$1>=$E8,Y$1<$F8),IF($J8="ДА","█","░"),"")	=IF(AND(Z$1>=$E8,Z$1<$F8),IF($J8="ДА","█","░"),"")	=IF(AND(AA$1>=$E8,AA$1<$F8),IF($J8="ДА","█","░"),"")	=IF(AND(AB$1>=$E8,AB$1<$F8),IF($J8="ДА","█","░"),"")	=IF(AND(AC$1>=$E8,AC$1<$F8),IF($J8="ДА","█","░"),"")	=IF(AND(AD$1>=$E8,AD$1<$F8),IF($J8="ДА","█","░"),"")	=IF(AND(AE$1>=$E8,AE$1<$F8),IF($J8="ДА","█","░"),"")	=IF(AND(AF$1>=$E8,AF$1<$F8),IF($J8="ДА","█","░"),"")	=IF(AND(AG$1>=$E8,AG$1<$F8),IF($J8="ДА","█","░"),"")	=IF(AND(AH$1>=$E8,AH$1<$F8),IF($J8="ДА","█","░"),"")	=IF(AND(AI$1>=$E8,AI$1<$F8),IF($J8="ДА","█","░"),"")	=IF(AND(AJ$1>=$E8,AJ$1<$F8),IF($J8="ДА","█","░"),"")	=IF(AND(AK$1>=$E8,AK$1<$F8),IF($J8="ДА","█","░"),"")	=IF(AND(AL$1>=$E8,AL$1<$F8),IF($J8="ДА","█","░"),"")	=IF(AND(AM$1>=$E8,AM$1<$F8),IF($J8="ДА","█","░"),"")	=IF(AND(AN$1>=$E8,AN$1<$F8),IF($J8="ДА","█","░"),"")	=IF(AND(AO$1>=$E8,AO$1<$F8),IF($J8="ДА","█","░"),"")	=IF(AND(AP$1>=$E8,AP$1<$F8),IF($J8="ДА","█","░"),"")	=IF(AND(AQ$1>=$E8,AQ$1<$F8),IF($J8="ДА","█","░"),"")	=IF(AND(AR$1>=$E8,AR$1<$F8),IF($J8="ДА","█","░"),"")	=IF(AND(AS$1>=$E8,AS$1<$F8),IF($J8="ДА","█","░"),"")	=IF(AND(AT$1>=$E8,AT$1<$F8),IF($J8="ДА","█","░"),"")	=IF(AND(AU$1>=$E8,AU$1<$F8),IF($J8="ДА","█","░"),"")	=IF(AND(AV$1>=$E8,AV$1<$F8),IF($J8="ДА","█","░"),"")	=IF(AND(AW$1>=$E8,AW$1<$F8),IF($J8="ДА","█","░"),"")	=IF(AND(AX$1>=$E8,AX$1<$F8),IF($J8="ДА","█","░"),"")	=IF(AND(AY$1>=$E8,AY$1<$F8),IF($J8="ДА","█","░"),"")	=IF(AND(AZ$1>=$E8,AZ$1<$F8),IF($J8="ДА","█","░"),"")	=IF(AND(BA$1>=$E8,BA$1<$F8),IF($J8="ДА","█","░"),"")	=IF(AND(BB$1>=$E8,BB$1<$F8),IF($J8="ДА","█","░"),"")	=IF(AND(BC$1>=$E8,BC$1<$F8),IF($J8="ДА","█","░"),"")	=IF(AND(BD$1>=$E8,BD$1<$F8),IF($J8="ДА","█","░"),"")	=IF(AND(BE$1>=$E8,BE$1<$F8),IF($J8="ДА","█","░"),"")	=IF(AND(BF$1>=$E8,BF$1<$F8),IF($J8="ДА","█","░"),"")	=IF(AND(BG$1>=$E8,BG$1<$F8),IF($J8="ДА","█","░"),"")	=IF(AND(BH$1>=$E8,BH$1<$F8),IF($J8="ДА","█","░"),"")	=IF(AND(BI$1>=$E8,BI$1<$F8),IF($J8="ДА","█","░"),"")	=IF(AND(BJ$1>=$E8,BJ$1<$F8),IF($J8="ДА","█","░"),"")	=IF(AND(BK$1>=$E8,BK$1<$F8),IF($J8="ДА","█","░"),"")	=IF(AND(BL$1>=$E8,BL$1<$F8),IF($J8="ДА","█","░"),"")	=IF(AND(BM$1>=$E8,BM$1<$F8),IF($J8="ДА","█","░"),"")	=IF(AND(BN$1>=$E8,BN$1<$F8),IF($J8="ДА","█","░"),"")	=IF(AND(BO$1>=$E8,BO$1<$F8),IF($J8="ДА","█","░"),"")
8	Модули, видео, тесты	6	10	=F7	=E9+D9	=H9-D9	=G10	=G9-E9	=IF(I9=0,"ДА","НЕТ")		=IF(AND(L$1>=$E9,L$1<$F9),IF($J9="ДА","█","░"),"")	=IF(AND(M$1>=$E9,M$1<$F9),IF($J9="ДА","█","░"),"")	=IF(AND(N$1>=$E9,N$1<$F9),IF($J9="ДА","█","░"),"")	=IF(AND(O$1>=$E9,O$1<$F9),IF($J9="ДА","█","░"),"")	=IF(AND(P$1>=$E9,P$1<$F9),IF($J9="ДА","█","░"),"")	=IF(AND(Q$1>=$E9,Q$1<$F9),IF($J9="ДА","█","░"),"")	=IF(AND(R$1>=$E9,R$1<$F9),IF($J9="ДА","█","░"),"")	=IF(AND(S$1>=$E9,S$1<$F9),IF($J9="ДА","█","░"),"")	=IF(AND(T$1>=$E9,T$1<$F9),IF($J9="ДА","█","░"),"")	=IF(AND(U$1>=$E9,U$1<$F9),IF($J9="ДА","█","░"),"")	=IF(AND(V$1>=$E9,V$1<$F9),IF($J9="ДА","█","░"),"")	=IF(AND(W$1>=$E9,W$1<$F9),IF($J9="ДА","█","░"),"")	=IF(AND(X$1>=$E9,X$1<$F9),IF($J9="ДА","█","░"),"")	=IF(AND(Y$1>=$E9,Y$1<$F9),IF($J9="ДА","█","░"),"")	=IF(AND(Z$1>=$E9,Z$1<$F9),IF($J9="ДА","█","░"),"")	=IF(AND(AA$1>=$E9,AA$1<$F9),IF($J9="ДА","█","░"),"")	=IF(AND(AB$1>=$E9,AB$1<$F9),IF($J9="ДА","█","░"),"")	=IF(AND(AC$1>=$E9,AC$1<$F9),IF($J9="ДА","█","░"),"")	=IF(AND(AD$1>=$E9,AD$1<$F9),IF($J9="ДА","█","░"),"")	=IF(AND(AE$1>=$E9,AE$1<$F9),IF($J9="ДА","█","░"),"")	=IF(AND(AF$1>=$E9,AF$1<$F9),IF($J9="ДА","█","░"),"")	=IF(AND(AG$1>=$E9,AG$1<$F9),IF($J9="ДА","█","░"),"")	=IF(AND(AH$1>=$E9,AH$1<$F9),IF($J9="ДА","█","░"),"")	=IF(AND(AI$1>=$E9,AI$1<$F9),IF($J9="ДА","█","░"),"")	=IF(AND(AJ$1>=$E9,AJ$1<$F9),IF($J9="ДА","█","░"),"")	=IF(AND(AK$1>=$E9,AK$1<$F9),IF($J9="ДА","█","░"),"")	=IF(AND(AL$1>=$E9,AL$1<$F9),IF($J9="ДА","█","░"),"")	=IF(AND(AM$1>=$E9,AM$1<$F9),IF($J9="ДА","█","░"),"")	=IF(AND(AN$1>=$E9,AN$1<$F9),IF($J9="ДА","█","░"),"")	=IF(AND(AO$1>=$E9,AO$1<$F9),IF($J9="ДА","█","░"),"")	=IF(AND(AP$1>=$E9,AP$1<$F9),IF($J9="ДА","█","░"),"")	=IF(AND(AQ$1>=$E9,AQ$1<$F9),IF($J9="ДА","█","░"),"")	=IF(AND(AR$1>=$E9,AR$1<$F9),IF($J9="ДА","█","░"),"")	=IF(AND(AS$1>=$E9,AS$1<$F9),IF($J9="ДА","█","░"),"")	=IF(AND(AT$1>=$E9,AT$1<$F9),IF($J9="ДА","█","░"),"")	=IF(AND(AU$1>=$E9,AU$1<$F9),IF($J9="ДА","█","░"),"")	=IF(AND(AV$1>=$E9,AV$1<$F9),IF($J9="ДА","█","░"),"")	=IF(AND(AW$1>=$E9,AW$1<$F9),IF($J9="ДА","█","░"),"")	=IF(AND(AX$1>=$E9,AX$1<$F9),IF($J9="ДА","█","░"),"")	=IF(AND(AY$1>=$E9,AY$1<$F9),IF($J9="ДА","█","░"),"")	=IF(AND(AZ$1>=$E9,AZ$1<$F9),IF($J9="ДА","█","░"),"")	=IF(AND(BA$1>=$E9,BA$1<$F9),IF($J9="ДА","█","░"),"")	=IF(AND(BB$1>=$E9,BB$1<$F9),IF($J9="ДА","█","░"),"")	=IF(AND(BC$1>=$E9,BC$1<$F9),IF($J9="ДА","█","░"),"")	=IF(AND(BD$1>=$E9,BD$1<$F9),IF($J9="ДА","█","░"),"")	=IF(AND(BE$1>=$E9,BE$1<$F9),IF($J9="ДА","█","░"),"")	=IF(AND(BF$1>=$E9,BF$1<$F9),IF($J9="ДА","█","░"),"")	=IF(AND(BG$1>=$E9,BG$1<$F9),IF($J9="ДА","█","░"),"")	=IF(AND(BH$1>=$E9,BH$1<$F9),IF($J9="ДА","█","░"),"")	=IF(AND(BI$1>=$E9,BI$1<$F9),IF($J9="ДА","█","░"),"")	=IF(AND(BJ$1>=$E9,BJ$1<$F9),IF($J9="ДА","█","░"),"")	=IF(AND(BK$1>=$E9,BK$1<$F9),IF($J9="ДА","█","░"),"")	=IF(AND(BL$1>=$E9,BL$1<$F9),IF($J9="ДА","█","░"),"")	=IF(AND(BM$1>=$E9,BM$1<$F9),IF($J9="ДА","█","░"),"")	=IF(AND(BN$1>=$E9,BN$1<$F9),IF($J9="ДА","█","░"),"")	=IF(AND(BO$1>=$E9,BO$1<$F9),IF($J9="ДА","█","░"),"")
9	Информирование сотрудников	7, 8	2	=MAX(F8,F9)	=E10+D10	=H10-D10	=G11	=G10-E10	=IF(I10=0,"ДА","НЕТ")		=IF(AND(L$1>=$E10,L$1<$F10),IF($J10="ДА","█","░"),"")	=IF(AND(M$1>=$E10,M$1<$F10),IF($J10="ДА","█","░"),"")	=IF(AND(N$1>=$E10,N$1<$F10),IF($J10="ДА","█","░"),"")	=IF(AND(O$1>=$E10,O$1<$F10),IF($J10="ДА","█","░"),"")	=IF(AND(P$1>=$E10,P$1<$F10),IF($J10="ДА","█","░"),"")	=IF(AND(Q$1>=$E10,Q$1<$F10),IF($J10="ДА","█","░"),"")	=IF(AND(R$1>=$E10,R$1<$F10),IF($J10="ДА","█","░"),"")	=IF(AND(S$1>=$E10,S$1<$F10),IF($J10="ДА","█","░"),"")	=IF(AND(T$1>=$E10,T$1<$F10),IF($J10="ДА","█","░"),"")	=IF(AND(U$1>=$E10,U$1<$F10),IF($J10="ДА","█","░"),"")	=IF(AND(V$1>=$E10,V$1<$F10),IF($J10="ДА","█","░"),"")	=IF(AND(W$1>=$E10,W$1<$F10),IF($J10="ДА","█","░"),"")	=IF(AND(X$1>=$E10,X$1<$F10),IF($J10="ДА","█","░"),"")	=IF(AND(Y$1>=$E10,Y$1<$F10),IF($J10="ДА","█","░"),"")	=IF(AND(Z$1>=$E10,Z$1<$F10),IF($J10="ДА","█","░"),"")	=IF(AND(AA$1>=$E10,AA$1<$F10),IF($J10="ДА","█","░"),"")	=IF(AND(AB$1>=$E10,AB$1<$F10),IF($J10="ДА","█","░"),"")	=IF(AND(AC$1>=$E10,AC$1<$F10),IF($J10="ДА","█","░"),"")	=IF(AND(AD$1>=$E10,AD$1<$F10),IF($J10="ДА","█","░"),"")	=IF(AND(AE$1>=$E10,AE$1<$F10),IF($J10="ДА","█","░"),"")	=IF(AND(AF$1>=$E10,AF$1<$F10),IF($J10="ДА","█","░"),"")	=IF(AND(AG$1>=$E10,AG$1<$F10),IF($J10="ДА","█","░"),"")	=IF(AND(AH$1>=$E10,AH$1<$F10),IF($J10="ДА","█","░"),"")	=IF(AND(AI$1>=$E10,AI$1<$F10),IF($J10="ДА","█","░"),"")	=IF(AND(AJ$1>=$E10,AJ$1<$F10),IF($J10="ДА","█","░"),"")	=IF(AND(AK$1>=$E10,AK$1<$F10),IF($J10="ДА","█","░"),"")	=IF(AND(AL$1>=$E10,AL$1<$F10),IF($J10="ДА","█","░"),"")	=IF(AND(AM$1>=$E10,AM$1<$F10),IF($J10="ДА","█","░"),"")	=IF(AND(AN$1>=$E10,AN$1<$F10),IF($J10="ДА","█","░"),"")	=IF(AND(AO$1>=$E10,AO$1<$F10),IF($J10="ДА","█","░"),"")	=IF(AND(AP$1>=$E10,AP$1<$F10),IF($J10="ДА","█","░"),"")	=IF(AND(AQ$1>=$E10,AQ$1<$F10),IF($J10="ДА","█","░"),"")	=IF(AND(AR$1>=$E10,AR$1<$F10),IF($J10="ДА","█","░"),"")	=IF(AND(AS$1>=$E10,AS$1<$F10),IF($J10="ДА","█","░"),"")	=IF(AND(AT$1>=$E10,AT$1<$F10),IF($J10="ДА","█","░"),"")	=IF(AND(AU$1>=$E10,AU$1<$F10),IF($J10="ДА","█","░"),"")	=IF(AND(AV$1>=$E10,AV$1<$F10),IF($J10="ДА","█","░"),"")	=IF(AND(AW$1>=$E10,AW$1<$F10),IF($J10="ДА","█","░"),"")	=IF(AND(AX$1>=$E10,AX$1<$F10),IF($J10="ДА","█","░"),"")	=IF(AND(AY$1>=$E10,AY$1<$F10),IF($J10="ДА","█","░"),"")	=IF(AND(AZ$1>=$E10,AZ$1<$F10),IF($J10="ДА","█","░"),"")	=IF(AND(BA$1>=$E10,BA$1<$F10),IF($J10="ДА","█","░"),"")	=IF(AND(BB$1>=$E10,BB$1<$F10),IF($J10="ДА","█","░"),"")	=IF(AND(BC$1>=$E10,BC$1<$F10),IF($J10="ДА","█","░"),"")	=IF(AND(BD$1>=$E10,BD$1<$F10),IF($J10="ДА","█","░"),"")	=IF(AND(BE$1>=$E10,BE$1<$F10),IF($J10="ДА","█","░"),"")	=IF(AND(BF$1>=$E10,BF$1<$F10),IF($J10="ДА","█","░"),"")	=IF(AND(BG$1>=$E10,BG$1<$F10),IF($J10="ДА","█","░"),"")	=IF(AND(BH$1>=$E10,BH$1<$F10),IF($J10="ДА","█","░"),"")	=IF(AND(BI$1>=$E10,BI$1<$F10),IF($J10="ДА","█","░"),"")	=IF(AND(BJ$1>=$E10,BJ$1<$F10),IF($J10="ДА","█","░"),"")	=IF(AND(BK$1>=$E10,BK$1<$F10),IF($J10="ДА","█","░"),"")	=IF(AND(BL$1>=$E10,BL$1<$F10),IF($J10="ДА","█","░"),"")	=IF(AND(BM$1>=$E10,BM$1<$F10),IF($J10="ДА","█","░"),"")	=IF(AND(BN$1>=$E10,BN$1<$F10),IF($J10="ДА","█","░"),"")	=IF(AND(BO$1>=$E10,BO$1<$F10),IF($J10="ДА","█","░"),"")
10	Микрообучение (4 недели)	9	20	=F10	=E11+D11	=H11-D11	=G12	=G11-E11	=IF(I11=0,"ДА","НЕТ")		=IF(AND(L$1>=$E11,L$1<$F11),IF($J11="ДА","█","░"),"")	=IF(AND(M$1>=$E11,M$1<$F11),IF($J11="ДА","█","░"),"")	=IF(AND(N$1>=$E11,N$1<$F11),IF($J11="ДА","█","░"),"")	=IF(AND(O$1>=$E11,O$1<$F11),IF($J11="ДА","█","░"),"")	=IF(AND(P$1>=$E11,P$1<$F11),IF($J11="ДА","█","░"),"")	=IF(AND(Q$1>=$E11,Q$1<$F11),IF($J11="ДА","█","░"),"")	=IF(AND(R$1>=$E11,R$1<$F11),IF($J11="ДА","█","░"),"")	=IF(AND(S$1>=$E11,S$1<$F11),IF($J11="ДА","█","░"),"")	=IF(AND(T$1>=$E11,T$1<$F11),IF($J11="ДА","█","░"),"")	=IF(AND(U$1>=$E11,U$1<$F11),IF($J11="ДА","█","░"),"")	=IF(AND(V$1>=$E11,V$1<$F11),IF($J11="ДА","█","░"),"")	=IF(AND(W$1>=$E11,W$1<$F11),IF($J11="ДА","█","░"),"")	=IF(AND(X$1>=$E11,X$1<$F11),IF($J11="ДА","█","░"),"")	=IF(AND(Y$1>=$E11,Y$1<$F11),IF($J11="ДА","█","░"),"")	=IF(AND(Z$1>=$E11,Z$1<$F11),IF($J11="ДА","█","░"),"")	=IF(AND(AA$1>=$E11,AA$1<$F11),IF($J11="ДА","█","░"),"")	=IF(AND(AB$1>=$E11,AB$1<$F11),IF($J11="ДА","█","░"),"")	=IF(AND(AC$1>=$E11,AC$1<$F11),IF($J11="ДА","█","░"),"")	=IF(AND(AD$1>=$E11,AD$1<$F11),IF($J11="ДА","█","░"),"")	=IF(AND(AE$1>=$E11,AE$1<$F11),IF($J11="ДА","█","░"),"")	=IF(AND(AF$1>=$E11,AF$1<$F11),IF($J11="ДА","█","░"),"")	=IF(AND(AG$1>=$E11,AG$1<$F11),IF($J11="ДА","█","░"),"")	=IF(AND(AH$1>=$E11,AH$1<$F11),IF($J11="ДА","█","░"),"")	=IF(AND(AI$1>=$E11,AI$1<$F11),IF($J11="ДА","█","░"),"")	=IF(AND(AJ$1>=$E11,AJ$1<$F11),IF($J11="ДА","█","░"),"")	=IF(AND(AK$1>=$E11,AK$1<$F11),IF($J11="ДА","█","░"),"")	=IF(AND(AL$1>=$E11,AL$1<$F11),IF($J11="ДА","█","░"),"")	=IF(AND(AM$1>=$E11,AM$1<$F11),IF($J11="ДА","█","░"),"")	=IF(AND(AN$1>=$E11,AN$1<$F11),IF($J11="ДА","█","░"),"")	=IF(AND(AO$1>=$E11,AO$1<$F11),IF($J11="ДА","█","░"),"")	=IF(AND(AP$1>=$E11,AP$1<$F11),IF($J11="ДА","█","░"),"")	=IF(AND(AQ$1>=$E11,AQ$1<$F11),IF($J11="ДА","█","░"),"")	=IF(AND(AR$1>=$E11,AR$1<$F11),IF($J11="ДА","█","░"),"")	=IF(AND(AS$1>=$E11,AS$1<$F11),IF($J11="ДА","█","░"),"")	=IF(AND(AT$1>=$E11,AT$1<$F11),IF($J11="ДА","█","░"),"")	=IF(AND(AU$1>=$E11,AU$1<$F11),IF($J11="ДА","█","░"),"")	=IF(AND(AV$1>=$E11,AV$1<$F11),IF($J11="ДА","█","░"),"")	=IF(AND(AW$1>=$E11,AW$1<$F11),IF($J11="ДА","█","░"),"")	=IF(AND(AX$1>=$E11,AX$1<$F11),IF($J11="ДА","█","░"),"")	=IF(AND(AY$1>=$E11,AY$1<$F11),IF($J11="ДА","█","░"),"")	=IF(AND(AZ$1>=$E11,AZ$1<$F11),IF($J11="ДА","█","░"),"")	=IF(AND(BA$1>=$E11,BA$1<$F11),IF($J11="ДА","█","░"),"")	=IF(AND(BB$1>=$E11,BB$1<$F11),IF($J11="ДА","█","░"),"")	=IF(AND(BC$1>=$E11,BC$1<$F11),IF($J11="ДА","█","░"),"")	=IF(AND(BD$1>=$E11,BD$1<$F11),IF($J11="ДА","█","░"),"")	=IF(AND(BE$1>=$E11,BE$1<$F11),IF($J11="ДА","█","░"),"")	=IF(AND(BF$1>=$E11,BF$1<$F11),IF($J11="ДА","█","░"),"")	=IF(AND(BG$1>=$E11,BG$1<$F11),IF($J11="ДА","█","░"),"")	=IF(AND(BH$1>=$E11,BH$1<$F11),IF($J11="ДА","█","░"),"")	=IF(AND(BI$1>=$E11,BI$1<$F11),IF($J11="ДА","█","░"),"")	=IF(AND(BJ$1>=$E11,BJ$1<$F11),IF($J11="ДА","█","░"),"")	=IF(AND(BK$1>=$E11,BK$1<$F11),IF($J11="ДА","█","░"),"")	=IF(AND(BL$1>=$E11,BL$1<$F11),IF($J11="ДА","█","░"),"")	=IF(AND(BM$1>=$E11,BM$1<$F11),IF($J11="ДА","█","░"),"")	=IF(AND(BN$1>=$E11,BN$1<$F11),IF($J11="ДА","█","░"),"")	=IF(AND(BO$1>=$E11,BO$1<$F11),IF($J11="ДА","█","░"),"")
11	Итоговый фишинг + тест	10	4	=F11	=E12+D12	=H12-D12	=G13	=G12-E12	=IF(I12=0,"ДА","НЕТ")		=IF(AND(L$1>=$E12,L$1<$F12),IF($J12="ДА","█","░"),"")	=IF(AND(M$1>=$E12,M$1<$F12),IF($J12="ДА","█","░"),"")	=IF(AND(N$1>=$E12,N$1<$F12),IF($J12="ДА","█","░"),"")	=IF(AND(O$1>=$E12,O$1<$F12),IF($J12="ДА","█","░"),"")	=IF(AND(P$1>=$E12,P$1<$F12),IF($J12="ДА","█","░"),"")	=IF(AND(Q$1>=$E12,Q$1<$F12),IF($J12="ДА","█","░"),"")	=IF(AND(R$1>=$E12,R$1<$F12),IF($J12="ДА","█","░"),"")	=IF(AND(S$1>=$E12,S$1<$F12),IF($J12="ДА","█","░"),"")	=IF(AND(T$1>=$E12,T$1<$F12),IF($J12="ДА","█","░"),"")	=IF(AND(U$1>=$E12,U$1<$F12),IF($J12="ДА","█","░"),"")	=IF(AND(V$1>=$E12,V$1<$F12),IF($J12="ДА","█","░"),"")	=IF(AND(W$1>=$E12,W$1<$F12),IF($J12="ДА","█","░"),"")	=IF(AND(X$1>=$E12,X$1<$F12),IF($J12="ДА","█","░"),"")	=IF(AND(Y$1>=$E12,Y$1<$F12),IF($J12="ДА","█","░"),"")	=IF(AND(Z$1>=$E12,Z$1<$F12),IF($J12="ДА","█","░"),"")	=IF(AND(AA$1>=$E12,AA$1<$F12),IF($J12="ДА","█","░"),"")	=IF(AND(AB$1>=$E12,AB$1<$F12),IF($J12="ДА","█","░"),"")	=IF(AND(AC$1>=$E12,AC$1<$F12),IF($J12="ДА","█","░"),"")	=IF(AND(AD$1>=$E12,AD$1<$F12),IF($J12="ДА","█","░"),"")	=IF(AND(AE$1>=$E12,AE$1<$F12),IF($J12="ДА","█","░"),"")	=IF(AND(AF$1>=$E12,AF$1<$F12),IF($J12="ДА","█","░"),"")	=IF(AND(AG$1>=$E12,AG$1<$F12),IF($J12="ДА","█","░"),"")	=IF(AND(AH$1>=$E12,AH$1<$F12),IF($J12="ДА","█","░"),"")	=IF(AND(AI$1>=$E12,AI$1<$F12),IF($J12="ДА","█","░"),"")	=IF(AND(AJ$1>=$E12,AJ$1<$F12),IF($J12="ДА","█","░"),"")	=IF(AND(AK$1>=$E12,AK$1<$F12),IF($J12="ДА","█","░"),"")	=IF(AND(AL$1>=$E12,AL$1<$F12),IF($J12="ДА","█","░"),"")	=IF(AND(AM$1>=$E12,AM$1<$F12),IF($J12="ДА","█","░"),"")	=IF(AND(AN$1>=$E12,AN$1<$F12),IF($J12="ДА","█","░"),"")	=IF(AND(AO$1>=$E12,AO$1<$F12),IF($J12="ДА","█","░"),"")	=IF(AND(AP$1>=$E12,AP$1<$F12),IF($J12="ДА","█","░"),"")	=IF(AND(AQ$1>=$E12,AQ$1<$F12),IF($J12="ДА","█","░"),"")	=IF(AND(AR$1>=$E12,AR$1<$F12),IF($J12="ДА","█","░"),"")	=IF(AND(AS$1>=$E12,AS$1<$F12),IF($J12="ДА","█","░"),"")	=IF(AND(AT$1>=$E12,AT$1<$F12),IF($J12="ДА","█","░"),"")	=IF(AND(AU$1>=$E12,AU$1<$F12),IF($J12="ДА","█","░"),"")	=IF(AND(AV$1>=$E12,AV$1<$F12),IF($J12="ДА","█","░"),"")	=IF(AND(AW$1>=$E12,AW$1<$F12),IF($J12="ДА","█","░"),"")	=IF(AND(AX$1>=$E12,AX$1<$F12),IF($J12="ДА","█","░"),"")	=IF(AND(AY$1>=$E12,AY$1<$F12),IF($J12="ДА","█","░"),"")	=IF(AND(AZ$1>=$E12,AZ$1<$F12),IF($J12="ДА","█","░"),"")	=IF(AND(BA$1>=$E12,BA$1<$F12),IF($J12="ДА","█","░"),"")	=IF(AND(BB$1>=$E12,BB$1<$F12),IF($J12="ДА","█","░"),"")	=IF(AND(BC$1>=$E12,BC$1<$F12),IF($J12="ДА","█","░"),"")	=IF(AND(BD$1>=$E12,BD$1<$F12),IF($J12="ДА","█","░"),"")	=IF(AND(BE$1>=$E12,BE$1<$F12),IF($J12="ДА","█","░"),"")	=IF(AND(BF$1>=$E12,BF$1<$F12),IF($J12="ДА","█","░"),"")	=IF(AND(BG$1>=$E12,BG$1<$F12),IF($J12="ДА","█","░"),"")	=IF(AND(BH$1>=$E12,BH$1<$F12),IF($J12="ДА","█","░"),"")	=IF(AND(BI$1>=$E12,BI$1<$F12),IF($J12="ДА","█","░"),"")	=IF(AND(BJ$1>=$E12,BJ$1<$F12),IF($J12="ДА","█","░"),"")	=IF(AND(BK$1>=$E12,BK$1<$F12),IF($J12="ДА","█","░"),"")	=IF(AND(BL$1>=$E12,BL$1<$F12),IF($J12="ДА","█","░"),"")	=IF(AND(BM$1>=$E12,BM$1<$F12),IF($J12="ДА","█","░"),"")	=IF(AND(BN$1>=$E12,BN$1<$F12),IF($J12="ДА","█","░"),"")	=IF(AND(BO$1>=$E12,BO$1<$F12),IF($J12="ДА","█","░"),"")
12	Анализ KPI + отчет + регламент	11	5	=F12	=E13+D13	=H13-D13	=MAX($F$2:$F$13)	=G13-E13	=IF(I13=0,"ДА","НЕТ")		=IF(AND(L$1>=$E13,L$1<$F13),IF($J13="ДА","█","░"),"")	=IF(AND(M$1>=$E13,M$1<$F13),IF($J13="ДА","█","░"),"")	=IF(AND(N$1>=$E13,N$1<$F13),IF($J13="ДА","█","░"),"")	=IF(AND(O$1>=$E13,O$1<$F13),IF($J13="ДА","█","░"),"")	=IF(AND(P$1>=$E13,P$1<$F13),IF($J13="ДА","█","░"),"")	=IF(AND(Q$1>=$E13,Q$1<$F13),IF($J13="ДА","█","░"),"")	=IF(AND(R$1>=$E13,R$1<$F13),IF($J13="ДА","█","░"),"")	=IF(AND(S$1>=$E13,S$1<$F13),IF($J13="ДА","█","░"),"")	=IF(AND(T$1>=$E13,T$1<$F13),IF($J13="ДА","█","░"),"")	=IF(AND(U$1>=$E13,U$1<$F13),IF($J13="ДА","█","░"),"")	=IF(AND(V$1>=$E13,V$1<$F13),IF($J13="ДА","█","░"),"")	=IF(AND(W$1>=$E13,W$1<$F13),IF($J13="ДА","█","░"),"")	=IF(AND(X$1>=$E13,X$1<$F13),IF($J13="ДА","█","░"),"")	=IF(AND(Y$1>=$E13,Y$1<$F13),IF($J13="ДА","█","░"),"")	=IF(AND(Z$1>=$E13,Z$1<$F13),IF($J13="ДА","█","░"),"")	=IF(AND(AA$1>=$E13,AA$1<$F13),IF($J13="ДА","█","░"),"")	=IF(AND(AB$1>=$E13,AB$1<$F13),IF($J13="ДА","█","░"),"")	=IF(AND(AC$1>=$E13,AC$1<$F13),IF($J13="ДА","█","░"),"")	=IF(AND(AD$1>=$E13,AD$1<$F13),IF($J13="ДА","█","░"),"")	=IF(AND(AE$1>=$E13,AE$1<$F13),IF($J13="ДА","█","░"),"")	=IF(AND(AF$1>=$E13,AF$1<$F13),IF($J13="ДА","█","░"),"")	=IF(AND(AG$1>=$E13,AG$1<$F13),IF($J13="ДА","█","░"),"")	=IF(AND(AH$1>=$E13,AH$1<$F13),IF($J13="ДА","█","░"),"")	=IF(AND(AI$1>=$E13,AI$1<$F13),IF($J13="ДА","█","░"),"")	=IF(AND(AJ$1>=$E13,AJ$1<$F13),IF($J13="ДА","█","░"),"")	=IF(AND(AK$1>=$E13,AK$1<$F13),IF($J13="ДА","█","░"),"")	=IF(AND(AL$1>=$E13,AL$1<$F13),IF($J13="ДА","█","░"),"")	=IF(AND(AM$1>=$E13,AM$1<$F13),IF($J13="ДА","█","░"),"")	=IF(AND(AN$1>=$E13,AN$1<$F13),IF($J13="ДА","█","░"),"")	=IF(AND(AO$1>=$E13,AO$1<$F13),IF($J13="ДА","█","░"),"")	=IF(AND(AP$1>=$E13,AP$1<$F13),IF($J13="ДА","█","░"),"")	=IF(AND(AQ$1>=$E13,AQ$1<$F13),IF($J13="ДА","█","░"),"")	=IF(AND(AR$1>=$E13,AR$1<$F13),IF($J13="ДА","█","░"),"")	=IF(AND(AS$1>=$E13,AS$1<$F13),IF($J13="ДА","█","░"),"")	=IF(AND(AT$1>=$E13,AT$1<$F13),IF($J13="ДА","█","░"),"")	=IF(AND(AU$1>=$E13,AU$1<$F13),IF($J13="ДА","█","░"),"")	=IF(AND(AV$1>=$E13,AV$1<$F13),IF($J13="ДА","█","░"),"")	=IF(AND(AW$1>=$E13,AW$1<$F13),IF($J13="ДА","█","░"),"")	=IF(AND(AX$1>=$E13,AX$1<$F13),IF($J13="ДА","█","░"),"")	=IF(AND(AY$1>=$E13,AY$1<$F13),IF($J13="ДА","█","░"),"")	=IF(AND(AZ$1>=$E13,AZ$1<$F13),IF($J13="ДА","█","░"),"")	=IF(AND(BA$1>=$E13,BA$1<$F13),IF($J13="ДА","█","░"),"")	=IF(AND(BB$1>=$E13,BB$1<$F13),IF($J13="ДА","█","░"),"")	=IF(AND(BC$1>=$E13,BC$1<$F13),IF($J13="ДА","█","░"),"")	=IF(AND(BD$1>=$E13,BD$1<$F13),IF($J13="ДА","█","░"),"")	=IF(AND(BE$1>=$E13,BE$1<$F13),IF($J13="ДА","█","░"),"")	=IF(AND(BF$1>=$E13,BF$1<$F13),IF($J13="ДА","█","░"),"")	=IF(AND(BG$1>=$E13,BG$1<$F13),IF($J13="ДА","█","░"),"")	=IF(AND(BH$1>=$E13,BH$1<$F13),IF($J13="ДА","█","░"),"")	=IF(AND(BI$1>=$E13,BI$1<$F13),IF($J13="ДА","█","░"),"")	=IF(AND(BJ$1>=$E13,BJ$1<$F13),IF($J13="ДА","█","░"),"")	=IF(AND(BK$1>=$E13,BK$1<$F13),IF($J13="ДА","█","░"),"")	=IF(AND(BL$1>=$E13,BL$1<$F13),IF($J13="ДА","█","░"),"")	=IF(AND(BM$1>=$E13,BM$1<$F13),IF($J13="ДА","█","░"),"")	=IF(AND(BN$1>=$E13,BN$1<$F13),IF($J13="ДА","█","░"),"")	=IF(AND(BO$1>=$E13,BO$1<$F13),IF($J13="ДА","█","░"),"")

Общая длительность проекта, рабочих дней	=MAX(F2:F13)-MIN(E2:E13)
Критический путь	=TEXTJOIN(" → ",TRUE,FILTER(A2:A13,J2:J13="ДА"))
Проверка: сумма длительностей работ критического пути	=SUMIF(J2:J13,"ДА",D2:D13)
Легенда графика Ганта (столбцы L и дальше)	█ — работа на критическом пути, ░ — работа с резервом
