Код;Название работы;Длительность (мес.);Предшественники;ES;EF;LS;LF;Резерв;Критическая
1.0;Бизнес-анализ и требования;0.5;-;0.0;0.5;0.0;0.5;0.0;ДА
2.0;Архитектура и ADR;0.5;1.0;0.5;1.0;0.5;1.0;0.0;ДА
3.0;Фундамент (CI, Docker, walking skeleton);0.5;2.0;1.0;1.5;1.0;1.5;0.0;ДА
4.0;Gateway и доступ (Express, Sequelize, JWT);1.0;3.0;1.5;2.5;3.0;4.0;1.5;нет
5.0;Язык DSL (грамматика, парсер, диагностика);1.0;3.0;1.5;2.5;1.5;2.5;0.0;ДА
6.0;Web IDE (оболочка, Monaco, темы, панели);1.5;5.0;2.5;4.0;2.5;4.0;0.0;ДА
7.0;Нотации волны 1 (UML, ERD, IDEF0);1.5;5.0;2.5;4.0;3.5;5.0;1.0;нет
8.0;Холст (SVG, elkjs, подсветка);1.0;5.0;2.5;3.5;4.5;5.5;2.0;нет
9.0;Сохранение и интеграции (БД, GitHub, Drive);1.0;4.0, 6.0;4.0;5.0;4.0;5.0;0.0;ДА
10.0;Экспорт/импорт форматов;0.5;7.0;4.0;4.5;5.0;5.5;1.0;нет
11.0;AI-ассистент (заглушка, режимы);0.5;6.0;4.0;4.5;5.0;5.5;1.0;нет
12.0;Версии, diff, откат;0.5;9.0;5.0;5.5;5.0;5.5;0.0;ДА
13.0;Качество и наблюдаемость (тесты, Lighthouse);0.5;7.0, 8.0, 9.0, 10.0, 11.0, 12.0;5.5;6.0;5.5;6.0;0.0;ДА
14.0;Документация и РПЗ курсовой;0.75;13.0;6.0;6.75;6.0;6.75;0.0;ДА
15.0;Стабилизация MVP, буфер, защита;0.25;14.0;6.75;7.0;6.75;7.0;0.0;ДА
